{
    "ThowableObject": [
        {
            "x": -1.15239939093589784,
            "y": 0.03952696919441223,
            "z": 0.9875282645225525
        },
        {
            "x": -0.15249525010585786,
            "y": 0.03952551633119583,
            "z": 2.9875134825706482
        }],
    "ContaminationArea": [
        {
            "x": -4.15239939093589784,
            "y": 0.03952696919441223,
            "z": 0.9875282645225525
        },
        {
            "x": -0.15249525010585786,
            "y": 0.03952551633119583,
            "z": 8.9875134825706482
        }],
    "SpawnPoint": [
        {
            "x": -3.15239939093589784,
            "y": 0.03952696919441223,
            "z": 0.9875282645225525
        },
        {
            "x": -0.15249525010585786,
            "y": 0.03952551633119583,
            "z": 0.9875134825706482
        }
    ]
}
